{"cameraMode":{"drawMode":0,"name":"Shaded","section":"Shading Mode"},"sceneLighting":false,"audioPlay":false,"sceneViewState":{"showFog":true,"showMaterialUpdate":false,"showSkybox":true,"showFlares":true,"showImageEffects":true,"showParticleSystems":true},"in2DMode":false,"pivot":{"x":5.960464477539063e-8,"y":0.5499999523162842,"z":-1.1920928955078126e-7},"rotation":{"x":-0.1341625154018402,"y":0.846126914024353,"z":-0.25231993198394778,"w":-0.4499010741710663},"size":4.041658401489258,"orthographic":false}