{"cameraMode":{"drawMode":0,"name":"Shaded","section":"Shading Mode"},"sceneLighting":true,"audioPlay":false,"sceneViewState":{"showFog":true,"showMaterialUpdate":false,"showSkybox":true,"showFlares":true,"showImageEffects":true,"showParticleSystems":true},"in2DMode":false,"pivot":{"x":-6.700649261474609,"y":7.224870681762695,"z":-3.5197105407714845},"rotation":{"x":-0.11708706617355347,"y":0.265328973531723,"z":-0.03248369321227074,"w":-0.956481397151947},"size":66.95449829101563,"orthographic":false}